{
  "LumiaPage" : {
    "transaction" : "LumiaPage",
    "sampleCount" : 1000,
    "errorCount" : 0,
    "errorPct" : 0.0,
    "meanResTime" : 228.53099999999986,
    "medianResTime" : 223.0,
    "minResTime" : 205.0,
    "maxResTime" : 395.0,
    "pct1ResTime" : 241.0,
    "pct2ResTime" : 259.0,
    "pct3ResTime" : 359.0,
    "throughput" : 9.400705052878966,
    "receivedKBytesPerSec" : 50.704391891891895,
    "sentKBytesPerSec" : 2.5337837837837838
  },
  "HomePage" : {
    "transaction" : "HomePage",
    "sampleCount" : 2000,
    "errorCount" : 0,
    "errorPct" : 0.0,
    "meanResTime" : 256.0624999999997,
    "medianResTime" : 237.0,
    "minResTime" : 218.0,
    "maxResTime" : 1000.0,
    "pct1ResTime" : 360.9000000000001,
    "pct2ResTime" : 384.0,
    "pct3ResTime" : 425.95000000000005,
    "throughput" : 18.66368047779022,
    "receivedKBytesPerSec" : 366.98737576987685,
    "sentKBytesPerSec" : 4.811730123180292
  },
  "LumiaPage-1" : {
    "transaction" : "LumiaPage-1",
    "sampleCount" : 1000,
    "errorCount" : 0,
    "errorPct" : 0.0,
    "meanResTime" : 47.27499999999997,
    "medianResTime" : 43.0,
    "minResTime" : 35.0,
    "maxResTime" : 205.0,
    "pct1ResTime" : 54.0,
    "pct2ResTime" : 60.94999999999993,
    "pct3ResTime" : 181.0,
    "throughput" : 9.416905228265783,
    "receivedKBytesPerSec" : 48.592702369293356,
    "sentKBytesPerSec" : 1.269075118653006
  },
  "HomePage-0" : {
    "transaction" : "HomePage-0",
    "sampleCount" : 2000,
    "errorCount" : 0,
    "errorPct" : 0.0,
    "meanResTime" : 182.52149999999983,
    "medianResTime" : 177.0,
    "minResTime" : 168.0,
    "maxResTime" : 807.0,
    "pct1ResTime" : 196.0,
    "pct2ResTime" : 203.0,
    "pct3ResTime" : 265.0,
    "throughput" : 18.673090209698803,
    "receivedKBytesPerSec" : 4.250680984258585,
    "sentKBytesPerSec" : 2.4070780348439866
  },
  "LumiaPage-0" : {
    "transaction" : "LumiaPage-0",
    "sampleCount" : 1000,
    "errorCount" : 0,
    "errorPct" : 0.0,
    "meanResTime" : 181.20399999999984,
    "medianResTime" : 177.0,
    "minResTime" : 167.0,
    "maxResTime" : 297.0,
    "pct1ResTime" : 191.0,
    "pct2ResTime" : 199.0,
    "pct3ResTime" : 265.99,
    "throughput" : 9.40406443664952,
    "receivedKBytesPerSec" : 2.1960694537178966,
    "sentKBytesPerSec" : 1.2673446213453454
  },
  "HomePage-1" : {
    "transaction" : "HomePage-1",
    "sampleCount" : 2000,
    "errorCount" : 0,
    "errorPct" : 0.0,
    "meanResTime" : 73.43450000000001,
    "medianResTime" : 57.0,
    "minResTime" : 47.0,
    "maxResTime" : 738.0,
    "pct1ResTime" : 165.0,
    "pct2ResTime" : 188.0,
    "pct3ResTime" : 211.0,
    "throughput" : 18.709423936836984,
    "receivedKBytesPerSec" : 363.6278859286423,
    "sentKBytesPerSec" : 2.411761679357893
  },
  "Total" : {
    "transaction" : "Total",
    "sampleCount" : 13000,
    "errorCount" : 0,
    "errorPct" : 0.0,
    "meanResTime" : 193.30630769230797,
    "medianResTime" : 196.0,
    "minResTime" : 35.0,
    "maxResTime" : 4767.0,
    "pct1ResTime" : 292.0,
    "pct2ResTime" : 355.0,
    "pct3ResTime" : 430.0,
    "throughput" : 120.6194271505052,
    "receivedKBytesPerSec" : 837.8276876096013,
    "sentKBytesPerSec" : 21.882205271068965
  },
  "HTTP Request" : {
    "transaction" : "HTTP Request",
    "sampleCount" : 4000,
    "errorCount" : 0,
    "errorPct" : 0.0,
    "meanResTime" : 257.9837499999997,
    "medianResTime" : 235.0,
    "minResTime" : 173.0,
    "maxResTime" : 4767.0,
    "pct1ResTime" : 357.0,
    "pct2ResTime" : 401.0,
    "pct3ResTime" : 484.96999999999935,
    "throughput" : 37.46019853905226,
    "receivedKBytesPerSec" : 8.039529289192732,
    "sentKBytesPerSec" : 7.380463921146282
  }
}